agents,targets,model,checkpoint,avg_dir_mismatch
10,2,Majority Model,1,3.534124023160973
10,2,Majority Model,2,1.1096967801997701
10,2,Majority Model,3,0.4245389649698573
10,2,Majority Model,4,0.2182965437390445
10,2,Majority Model,5,0.4572599194078261
10,2,Majority Model,6,0.13413787976298838
10,2,Majority Model,7,0.559975650992739
10,2,Majority Model,8,0.5877887134754525
10,2,Majority Model,9,0.40220055736924215
10,2,Majority Model,10,0.2552803854014377
10,2,Majority Model,11,0.33847581910450775
10,2,Majority Model,12,0.572662670266128
10,2,Majority Model,13,0.48662606978322714
10,2,Majority Model,14,0.10786093656724441
10,2,Majority Model,15,0.3109218906709517
10,2,Majority Model,16,0.48218502433156696
10,2,Majority Model,17,0.5325766170978953
10,2,Majority Model,18,0.42455360043948576
10,2,Majority Model,19,0.473769634997652
10,2,Majority Model,20,0.4657069670773947
10,2,Majority Model,21,0.4251253113318583
10,2,Majority Model,22,0.7389336872213279
10,2,Majority Model,23,0.5263623616690591
10,2,Majority Model,24,0.697358956634863
10,2,Majority Model,25,0.46162195041156934
10,2,Majority Model,26,0.4108557427904847
10,2,Majority Model,27,0.4047774932432932
10,2,Majority Model,28,0.40059311924104984
10,2,Majority Model,29,0.255519045521417
10,2,Majority Model,30,0.23634172991281507
10,2,Voter Model,1,1.5292986535356197
10,2,Voter Model,2,1.1032703181043446
10,2,Voter Model,3,0.6937725880014357
10,2,Voter Model,4,0.5654914361947808
10,2,Voter Model,5,0.3685062720940726
10,2,Voter Model,6,0.5201822605616155
10,2,Voter Model,7,0.32283060858195045
10,2,Voter Model,8,0.4579052363184396
10,2,Voter Model,9,0.29836651577436835
10,2,Voter Model,10,0.5415831777841087
10,2,Voter Model,11,0.48693046765239273
10,2,Voter Model,12,0.6843475351553099
10,2,Voter Model,13,0.3523427917392455
10,2,Voter Model,14,0.8107210682219327
10,2,Voter Model,15,0.6052728051228119
10,2,Voter Model,16,0.7135051565558982
10,2,Voter Model,17,0.40487856318495
10,2,Voter Model,18,0.3707263003709368
10,2,Voter Model,19,0.2798843341729993
10,2,Voter Model,20,0.62326089180046
10,2,Voter Model,21,0.7186998219740357
10,2,Voter Model,22,1.0493362367269607
10,2,Voter Model,23,0.6760522707798075
10,2,Voter Model,24,0.5102335856550678
10,2,Voter Model,25,0.3867271867305214
10,2,Voter Model,26,0.48482245722616246
10,2,Voter Model,27,0.33738000817979114
10,2,Voter Model,28,0.8444929044483628
10,2,Voter Model,29,0.398854428227112
10,2,Voter Model,30,0.3108269287238447
10,2,Kuramoto Model,1,2.8258176204882854
10,2,Kuramoto Model,2,3.2886349385417644
10,2,Kuramoto Model,3,3.6485150058487696
10,2,Kuramoto Model,4,3.207927512113396
10,2,Kuramoto Model,5,3.311704966090376
10,2,Kuramoto Model,6,3.3715815947546823
10,2,Kuramoto Model,7,3.1669682666029244
10,2,Kuramoto Model,8,3.1832476509757845
10,2,Kuramoto Model,9,3.2952745827202334
10,2,Kuramoto Model,10,3.117265912196136
10,2,Kuramoto Model,11,3.34565926403232
10,2,Kuramoto Model,12,2.9711807843455684
10,2,Kuramoto Model,13,3.237689199323335
10,2,Kuramoto Model,14,3.235821539287606
10,2,Kuramoto Model,15,3.0672280343779628
10,2,Kuramoto Model,16,3.1127244035621695
10,2,Kuramoto Model,17,3.319064793729879
10,2,Kuramoto Model,18,3.057362762976803
10,2,Kuramoto Model,19,3.269912053140969
10,2,Kuramoto Model,20,2.9568525773810266
10,2,Kuramoto Model,21,3.1789441865758334
10,2,Kuramoto Model,22,2.939686639227027
10,2,Kuramoto Model,23,3.108034963178221
10,2,Kuramoto Model,24,3.1173060465914793
10,2,Kuramoto Model,25,3.1158203112159932
10,2,Kuramoto Model,26,3.1664775951309627
10,2,Kuramoto Model,27,3.135625845559088
10,2,Kuramoto Model,28,3.1036677953202205
10,2,Kuramoto Model,29,2.9263969137859953
10,2,Kuramoto Model,30,3.222115707411156
10,10,Majority Model,1,1.4297996032708622
10,10,Majority Model,2,1.6052464933656494
10,10,Majority Model,3,0.9111649533702313
10,10,Majority Model,4,0.7016513903572308
10,10,Majority Model,5,0.4021954737460546
10,10,Majority Model,6,0.37144835060500137
10,10,Majority Model,7,0.3890327589464836
10,10,Majority Model,8,0.13972653688422368
10,10,Majority Model,9,0.2701252967008231
10,10,Majority Model,10,0.3258461060059232
10,10,Majority Model,11,0.24520281160830232
10,10,Majority Model,12,0.42219227696230865
10,10,Majority Model,13,0.24818912294492518
10,10,Majority Model,14,0.11605092215874162
10,10,Majority Model,15,0.4306762359732346
10,10,Majority Model,16,0.3078690179732529
10,10,Majority Model,17,0.29318804286366335
10,10,Majority Model,18,0.10392990195020427
10,10,Majority Model,19,0.32840990230437256
10,10,Majority Model,20,0.5414628316768011
10,10,Majority Model,21,0.18505846426952186
10,10,Majority Model,22,0.49565417798685923
10,10,Majority Model,23,0.14104993003070504
10,10,Majority Model,24,0.48289516990555537
10,10,Majority Model,25,0.2887326619150431
10,10,Majority Model,26,0.6100274092379502
10,10,Majority Model,27,0.3888931032285178
10,10,Majority Model,28,0.4897727096384257
10,10,Majority Model,29,0.25049399520937643
10,10,Majority Model,30,0.4496116491722226
10,10,Voter Model,1,2.0582396878002505
10,10,Voter Model,2,0.9092700235522759
10,10,Voter Model,3,0.8145651646891711
10,10,Voter Model,4,0.6281067189183333
10,10,Voter Model,5,0.4171459846388002
10,10,Voter Model,6,0.7159112706587082
10,10,Voter Model,7,0.42816753994434426
10,10,Voter Model,8,0.25843863246377696
10,10,Voter Model,9,0.4898209634981162
10,10,Voter Model,10,0.18789553823723665
10,10,Voter Model,11,0.43760626402136077
10,10,Voter Model,12,0.17391589085199718
10,10,Voter Model,13,0.534503962290529
10,10,Voter Model,14,0.35766278975834986
10,10,Voter Model,15,0.4449944545686429
10,10,Voter Model,16,0.2601429789627073
10,10,Voter Model,17,1.435351833268698
10,10,Voter Model,18,0.3743779392636001
10,10,Voter Model,19,0.24568563046709024
10,10,Voter Model,20,0.40947328539382133
10,10,Voter Model,21,0.3878192392045488
10,10,Voter Model,22,0.4246820337807125
10,10,Voter Model,23,0.3480352046945626
10,10,Voter Model,24,0.31030742378604265
10,10,Voter Model,25,0.2648575612419583
10,10,Voter Model,26,0.4249057638976678
10,10,Voter Model,27,0.7857840252541684
10,10,Voter Model,28,0.3220118435393278
10,10,Voter Model,29,0.1774727329516708
10,10,Voter Model,30,0.5904755011094177
10,10,Kuramoto Model,1,4.436926255443835
10,10,Kuramoto Model,2,3.576773899588951
10,10,Kuramoto Model,3,2.785849351367664
10,10,Kuramoto Model,4,3.1214340180781486
10,10,Kuramoto Model,5,3.10906574607331
10,10,Kuramoto Model,6,3.0824124266888555
10,10,Kuramoto Model,7,3.267118954593708
10,10,Kuramoto Model,8,3.3729431310794964
10,10,Kuramoto Model,9,3.085141004071846
10,10,Kuramoto Model,10,3.3659297127590917
10,10,Kuramoto Model,11,3.377453627221218
10,10,Kuramoto Model,12,2.9530403658936955
10,10,Kuramoto Model,13,3.392365865898023
10,10,Kuramoto Model,14,3.0078078725108135
10,10,Kuramoto Model,15,2.9998494703591545
10,10,Kuramoto Model,16,3.005727693557255
10,10,Kuramoto Model,17,3.048925672421914
10,10,Kuramoto Model,18,3.044082379385859
10,10,Kuramoto Model,19,3.3421879705954147
10,10,Kuramoto Model,20,3.628835149293761
10,10,Kuramoto Model,21,2.8921557837675698
10,10,Kuramoto Model,22,2.9661172624945427
10,10,Kuramoto Model,23,2.8533103162987166
10,10,Kuramoto Model,24,3.093986967952163
10,10,Kuramoto Model,25,3.0190148228211875
10,10,Kuramoto Model,26,2.860355861646353
10,10,Kuramoto Model,27,3.1493215879450345
10,10,Kuramoto Model,28,3.051143919341627
10,10,Kuramoto Model,29,2.9964138176533623
10,10,Kuramoto Model,30,2.921144677110486
20,2,Majority Model,1,2.1156497299237684
20,2,Majority Model,2,0.6357423074689821
20,2,Majority Model,3,0.8114556511758415
20,2,Majority Model,4,0.9689910666039973
20,2,Majority Model,5,0.37835062401765235
20,2,Majority Model,6,0.6880526417846813
20,2,Majority Model,7,0.4979782557212823
20,2,Majority Model,8,0.5391178207785001
20,2,Majority Model,9,0.6427666948907278
20,2,Majority Model,10,0.6035517181453756
20,2,Majority Model,11,0.4267448258426321
20,2,Majority Model,12,0.29589534279955154
20,2,Majority Model,13,0.36352352845686337
20,2,Majority Model,14,0.46627485924653556
20,2,Majority Model,15,0.400713630336795
20,2,Majority Model,16,0.9182863012925914
20,2,Majority Model,17,0.4123703549377463
20,2,Majority Model,18,0.5267611123499419
20,2,Majority Model,19,0.2720745936536681
20,2,Majority Model,20,0.37996043208940494
20,2,Majority Model,21,0.45239075916949495
20,2,Majority Model,22,0.714834935711082
20,2,Majority Model,23,0.5001863599283235
20,2,Majority Model,24,0.41625181795968097
20,2,Majority Model,25,0.42250544627504005
20,2,Majority Model,26,0.4974132169171129
20,2,Majority Model,27,0.8294653217001485
20,2,Majority Model,28,0.49707330363071894
20,2,Majority Model,29,0.41272262259322917
20,2,Majority Model,30,0.4137961169436782
20,2,Voter Model,1,2.9924523656661455
20,2,Voter Model,2,1.2339888667361794
20,2,Voter Model,3,1.0080932310020376
20,2,Voter Model,4,0.9453261281763604
20,2,Voter Model,5,0.41736761242952464
20,2,Voter Model,6,0.6110864415146235
20,2,Voter Model,7,0.34921201248590666
20,2,Voter Model,8,0.6133451883674039
20,2,Voter Model,9,0.6948193472453473
20,2,Voter Model,10,0.555249139838963
20,2,Voter Model,11,0.515868696161162
20,2,Voter Model,12,0.3676555437748569
20,2,Voter Model,13,0.29414382384259063
20,2,Voter Model,14,0.33145939885923836
20,2,Voter Model,15,0.5575302080366761
20,2,Voter Model,16,0.39606197757779205
20,2,Voter Model,17,0.6865284763969449
20,2,Voter Model,18,0.3861453947504083
20,2,Voter Model,19,0.23227991788653748
20,2,Voter Model,20,0.590953334701016
20,2,Voter Model,21,0.5018738733952028
20,2,Voter Model,22,0.32968047950241286
20,2,Voter Model,23,0.3621227454338607
20,2,Voter Model,24,0.613174531004731
20,2,Voter Model,25,0.3421355651524756
20,2,Voter Model,26,0.3362875235345375
20,2,Voter Model,27,0.3862444836766318
20,2,Voter Model,28,0.5298023138868354
20,2,Voter Model,29,0.30203299153035124
20,2,Voter Model,30,0.47896848929696334
20,2,Kuramoto Model,1,2.0814000739571363
20,2,Kuramoto Model,2,2.8260296018298936
20,2,Kuramoto Model,3,2.961764969532543
20,2,Kuramoto Model,4,3.1654888752201735
20,2,Kuramoto Model,5,3.1682217374784925
20,2,Kuramoto Model,6,2.959317637234245
20,2,Kuramoto Model,7,3.004132125583235
20,2,Kuramoto Model,8,2.965791081397632
20,2,Kuramoto Model,9,3.26033760755629
20,2,Kuramoto Model,10,2.87280254077731
20,2,Kuramoto Model,11,3.5037808042379885
20,2,Kuramoto Model,12,3.2671489999261283
20,2,Kuramoto Model,13,3.2470243263519336
20,2,Kuramoto Model,14,3.456139504184354
20,2,Kuramoto Model,15,3.0480239029569964
20,2,Kuramoto Model,16,3.145293535458108
20,2,Kuramoto Model,17,3.3273504923652872
20,2,Kuramoto Model,18,3.0467652196609794
20,2,Kuramoto Model,19,3.2106780678674625
20,2,Kuramoto Model,20,3.139394478843935
20,2,Kuramoto Model,21,3.1926698561177878
20,2,Kuramoto Model,22,3.0283164050381814
20,2,Kuramoto Model,23,3.0223945187031718
20,2,Kuramoto Model,24,3.0877408752188695
20,2,Kuramoto Model,25,3.0523027438754387
20,2,Kuramoto Model,26,3.1263678962182024
20,2,Kuramoto Model,27,3.2062473290252456
20,2,Kuramoto Model,28,3.228089518415122
20,2,Kuramoto Model,29,3.0913200436482033
20,2,Kuramoto Model,30,3.154940322171366
20,10,Majority Model,1,1.463638176945014
20,10,Majority Model,2,1.4015403537922388
20,10,Majority Model,3,0.8649946088119929
20,10,Majority Model,4,0.9435080025614655
20,10,Majority Model,5,0.5753890095966215
20,10,Majority Model,6,0.3682187205940214
20,10,Majority Model,7,0.609921980037025
20,10,Majority Model,8,0.6981684892238511
20,10,Majority Model,9,0.4411175614027963
20,10,Majority Model,10,0.44480714224533013
20,10,Majority Model,11,0.6191049612984992
20,10,Majority Model,12,0.35782680285803703
20,10,Majority Model,13,0.5736554208141725
20,10,Majority Model,14,0.5035486824825164
20,10,Majority Model,15,0.376277621512456
20,10,Majority Model,16,0.6079242206757763
20,10,Majority Model,17,0.5641525711914264
20,10,Majority Model,18,0.39786714192646916
20,10,Majority Model,19,0.2870139273892302
20,10,Majority Model,20,0.3577907018803506
20,10,Majority Model,21,0.3439655245029152
20,10,Majority Model,22,0.3363732645516703
20,10,Majority Model,23,0.1732485977825805
20,10,Majority Model,24,0.17370808684976896
20,10,Majority Model,25,0.5384138938256924
20,10,Majority Model,26,0.5284587939166501
20,10,Majority Model,27,0.6193186137622758
20,10,Majority Model,28,0.3933787164193937
20,10,Majority Model,29,0.4751088120367868
20,10,Majority Model,30,0.6177268329224322
20,10,Voter Model,1,3.8903179147561118
20,10,Voter Model,2,1.3089899874523672
20,10,Voter Model,3,0.7390276671904761
20,10,Voter Model,4,0.7405267200654624
20,10,Voter Model,5,0.47648745382391455
20,10,Voter Model,6,1.0970890564739693
20,10,Voter Model,7,0.568912592028556
20,10,Voter Model,8,0.3054270834295602
20,10,Voter Model,9,0.3576992728090902
20,10,Voter Model,10,0.5216653425063482
20,10,Voter Model,11,0.4108513845892389
20,10,Voter Model,12,0.30142066015577784
20,10,Voter Model,13,0.384627233976838
20,10,Voter Model,14,0.4831264428782164
20,10,Voter Model,15,0.3445887714645527
20,10,Voter Model,16,0.3974788641706336
20,10,Voter Model,17,0.4470601893733782
20,10,Voter Model,18,0.591441666251724
20,10,Voter Model,19,0.39711712180202446
20,10,Voter Model,20,0.5115608922949206
20,10,Voter Model,21,0.6668546859178152
20,10,Voter Model,22,0.433826486783071
20,10,Voter Model,23,0.593761503386519
20,10,Voter Model,24,0.6007501131393089
20,10,Voter Model,25,0.5282191666874173
20,10,Voter Model,26,0.5296244735511626
20,10,Voter Model,27,0.6222434305094142
20,10,Voter Model,28,0.3229290234127024
20,10,Voter Model,29,0.4601106859349671
20,10,Voter Model,30,0.5277373951398682
20,10,Kuramoto Model,1,4.516450464316656
20,10,Kuramoto Model,2,3.50901484600271
20,10,Kuramoto Model,3,3.396221775192499
20,10,Kuramoto Model,4,3.1538435135249525
20,10,Kuramoto Model,5,3.5575814746644006
20,10,Kuramoto Model,6,3.000270572965973
20,10,Kuramoto Model,7,3.411311485039211
20,10,Kuramoto Model,8,3.1987661908326213
20,10,Kuramoto Model,9,3.063481080228168
20,10,Kuramoto Model,10,3.147122124208964
20,10,Kuramoto Model,11,3.285064055709637
20,10,Kuramoto Model,12,2.9705935785938027
20,10,Kuramoto Model,13,3.3345041235995425
20,10,Kuramoto Model,14,2.917608466812545
20,10,Kuramoto Model,15,3.140042226907748
20,10,Kuramoto Model,16,3.165433251108717
20,10,Kuramoto Model,17,3.280959457925306
20,10,Kuramoto Model,18,3.282710060544533
20,10,Kuramoto Model,19,3.2740187191686125
20,10,Kuramoto Model,20,3.307610356781688
20,10,Kuramoto Model,21,3.0007596753798707
20,10,Kuramoto Model,22,3.0937752349630525
20,10,Kuramoto Model,23,3.05916104939159
20,10,Kuramoto Model,24,2.960705490502912
20,10,Kuramoto Model,25,3.042471348866448
20,10,Kuramoto Model,26,3.1563628478330874
20,10,Kuramoto Model,27,3.029976349402777
20,10,Kuramoto Model,28,3.120933548326641
20,10,Kuramoto Model,29,3.1474210983279525
20,10,Kuramoto Model,30,3.307626498519492
30,2,Majority Model,1,1.7316158669536406
30,2,Majority Model,2,1.6863917866551021
30,2,Majority Model,3,0.7066695106922121
30,2,Majority Model,4,0.9163782185693081
30,2,Majority Model,5,0.8334558079451504
30,2,Majority Model,6,0.4139101146212989
30,2,Majority Model,7,0.4572468570841933
30,2,Majority Model,8,0.4644347293827298
30,2,Majority Model,9,0.31499456172586393
30,2,Majority Model,10,0.3528757701856256
30,2,Majority Model,11,0.8615764625665597
30,2,Majority Model,12,0.5216416889841925
30,2,Majority Model,13,0.28799784965719727
30,2,Majority Model,14,0.5129657576927618
30,2,Majority Model,15,0.3987012112076911
30,2,Majority Model,16,0.708041221553332
30,2,Majority Model,17,0.5337193495690412
30,2,Majority Model,18,0.4732409162194619
30,2,Majority Model,19,0.7104458273208671
30,2,Majority Model,20,0.5623289903378113
30,2,Majority Model,21,0.4507039946073907
30,2,Majority Model,22,0.4907761183286299
30,2,Majority Model,23,0.46061307887672936
30,2,Majority Model,24,0.6381070470618456
30,2,Majority Model,25,0.6095123529266295
30,2,Majority Model,26,0.39367905079565546
30,2,Majority Model,27,0.6616861826723102
30,2,Majority Model,28,0.587889033881412
30,2,Majority Model,29,0.33734013981974037
30,2,Majority Model,30,0.7444688896242291
30,2,Voter Model,1,2.6622946934179104
30,2,Voter Model,2,0.5936587848882877
30,2,Voter Model,3,0.7860348725787734
30,2,Voter Model,4,0.981722255925202
30,2,Voter Model,5,0.6106503475900359
30,2,Voter Model,6,0.8412250646378646
30,2,Voter Model,7,0.6117748885975097
30,2,Voter Model,8,0.4721221002108981
30,2,Voter Model,9,0.41345601549886174
30,2,Voter Model,10,0.3166391564891646
30,2,Voter Model,11,0.2718259107952944
30,2,Voter Model,12,0.6342421511098683
30,2,Voter Model,13,0.35909134254158026
30,2,Voter Model,14,0.29919094310845806
30,2,Voter Model,15,0.4364389927329124
30,2,Voter Model,16,0.42987158075969695
30,2,Voter Model,17,0.40711596700906594
30,2,Voter Model,18,0.4433690764508249
30,2,Voter Model,19,0.40099848188952697
30,2,Voter Model,20,0.37911636271487725
30,2,Voter Model,21,0.5132245941909521
30,2,Voter Model,22,0.5773699741812753
30,2,Voter Model,23,0.429239606729693
30,2,Voter Model,24,0.5064366218569682
30,2,Voter Model,25,0.5170399585643469
30,2,Voter Model,26,0.5164862777747167
30,2,Voter Model,27,0.45274127362972594
30,2,Voter Model,28,0.49765169997649067
30,2,Voter Model,29,0.5351646064908145
30,2,Voter Model,30,0.5108838290910901
30,2,Kuramoto Model,1,3.1469105234191703
30,2,Kuramoto Model,2,2.6134619047449
30,2,Kuramoto Model,3,3.4970149354471776
30,2,Kuramoto Model,4,3.386939934370695
30,2,Kuramoto Model,5,3.070798113860128
30,2,Kuramoto Model,6,3.0971800010457766
30,2,Kuramoto Model,7,3.1278241970096956
30,2,Kuramoto Model,8,3.1124652781053013
30,2,Kuramoto Model,9,3.0943993586591554
30,2,Kuramoto Model,10,3.1889925065913896
30,2,Kuramoto Model,11,3.2776171194344723
30,2,Kuramoto Model,12,3.088908361859601
30,2,Kuramoto Model,13,2.9480724468146056
30,2,Kuramoto Model,14,3.0738269363030986
30,2,Kuramoto Model,15,3.110107727089155
30,2,Kuramoto Model,16,3.304620419890981
30,2,Kuramoto Model,17,3.138326484826917
30,2,Kuramoto Model,18,3.038417089069506
30,2,Kuramoto Model,19,2.93728522836062
30,2,Kuramoto Model,20,3.1431864945515002
30,2,Kuramoto Model,21,3.113446563007244
30,2,Kuramoto Model,22,3.2621236444750656
30,2,Kuramoto Model,23,2.9529777155164294
30,2,Kuramoto Model,24,3.421617959592419
30,2,Kuramoto Model,25,3.1051218850449867
30,2,Kuramoto Model,26,3.2182469913346936
30,2,Kuramoto Model,27,3.1751522640637146
30,2,Kuramoto Model,28,3.323208762651701
30,2,Kuramoto Model,29,3.1037143911096106
30,2,Kuramoto Model,30,3.4708834602255347
30,10,Majority Model,1,2.2449789259550585
30,10,Majority Model,2,0.7904006794315576
30,10,Majority Model,3,0.7770029490536963
30,10,Majority Model,4,0.8173921400464755
30,10,Majority Model,5,0.9106974228165801
30,10,Majority Model,6,0.6279993453519187
30,10,Majority Model,7,0.6303060585071376
30,10,Majority Model,8,0.9229605473398893
30,10,Majority Model,9,0.4122256120460238
30,10,Majority Model,10,0.42606815075713356
30,10,Majority Model,11,0.5168873529852197
30,10,Majority Model,12,0.5148358322792271
30,10,Majority Model,13,0.4383628718903619
30,10,Majority Model,14,0.41798958640856615
30,10,Majority Model,15,0.3615360258152474
30,10,Majority Model,16,0.5120865442687977
30,10,Majority Model,17,0.4708466851074457
30,10,Majority Model,18,0.5089956566535019
30,10,Majority Model,19,0.8100491459055974
30,10,Majority Model,20,0.4481838895761627
30,10,Majority Model,21,0.5019961987168406
30,10,Majority Model,22,0.44429817101688057
30,10,Majority Model,23,0.449236181743869
30,10,Majority Model,24,0.7186703158887481
30,10,Majority Model,25,0.733281198952139
30,10,Majority Model,26,0.7169962664606954
30,10,Majority Model,27,0.44262747016917997
30,10,Majority Model,28,0.4941848228506508
30,10,Majority Model,29,0.2375351357235093
30,10,Majority Model,30,0.2866307205553799
30,10,Voter Model,1,2.915111177391191
30,10,Voter Model,2,1.085574056340914
30,10,Voter Model,3,0.9486099626258049
30,10,Voter Model,4,0.7173107879878825
30,10,Voter Model,5,0.8742063402955289
30,10,Voter Model,6,0.3761810387862322
30,10,Voter Model,7,0.3279710464397962
30,10,Voter Model,8,0.45627133156054617
30,10,Voter Model,9,0.361963053374722
30,10,Voter Model,10,0.43082859062506423
30,10,Voter Model,11,0.27878576873730887
30,10,Voter Model,12,0.38241327853258855
30,10,Voter Model,13,0.5844335374143793
30,10,Voter Model,14,0.7095944746372802
30,10,Voter Model,15,0.8642026571999941
30,10,Voter Model,16,0.5792610670643926
30,10,Voter Model,17,0.4308966584788978
30,10,Voter Model,18,0.7691881010078205
30,10,Voter Model,19,0.3142900424227827
30,10,Voter Model,20,0.513392446066766
30,10,Voter Model,21,0.5476410282976734
30,10,Voter Model,22,0.5909921749262675
30,10,Voter Model,23,0.415750881954517
30,10,Voter Model,24,0.6718128455001173
30,10,Voter Model,25,0.41247519005143624
30,10,Voter Model,26,0.5496701710781433
30,10,Voter Model,27,0.5499920432998114
30,10,Voter Model,28,0.48355722842446064
30,10,Voter Model,29,0.5051094578207359
30,10,Voter Model,30,0.4988795177697584
30,10,Kuramoto Model,1,3.5185599427196603
30,10,Kuramoto Model,2,3.1639585428851307
30,10,Kuramoto Model,3,3.379304857328379
30,10,Kuramoto Model,4,3.556915231598555
30,10,Kuramoto Model,5,2.9722248142432357
30,10,Kuramoto Model,6,3.0098027181019193
30,10,Kuramoto Model,7,3.174060345720515
30,10,Kuramoto Model,8,3.150248073629091
30,10,Kuramoto Model,9,3.2052934993575883
30,10,Kuramoto Model,10,3.2642093497188935
30,10,Kuramoto Model,11,3.2650474953896316
30,10,Kuramoto Model,12,3.1829264025440276
30,10,Kuramoto Model,13,3.1531826573262274
30,10,Kuramoto Model,14,3.1651848105969536
30,10,Kuramoto Model,15,3.1816642009289082
30,10,Kuramoto Model,16,3.1904485320370806
30,10,Kuramoto Model,17,2.9688957829378797
30,10,Kuramoto Model,18,3.445341493904689
30,10,Kuramoto Model,19,3.0811922866844186
30,10,Kuramoto Model,20,3.0903613891382165
30,10,Kuramoto Model,21,3.1830840431428347
30,10,Kuramoto Model,22,3.096056368635641
30,10,Kuramoto Model,23,3.1914387013834236
30,10,Kuramoto Model,24,3.170455369161101
30,10,Kuramoto Model,25,3.0834554622887285
30,10,Kuramoto Model,26,3.415782196460453
30,10,Kuramoto Model,27,3.2552383725542353
30,10,Kuramoto Model,28,2.9253063831924377
30,10,Kuramoto Model,29,3.500294752202016
30,10,Kuramoto Model,30,3.3184155206617505
40,2,Majority Model,1,4.044707613633686
40,2,Majority Model,2,1.0218858519586331
40,2,Majority Model,3,1.0803188701303479
40,2,Majority Model,4,0.9713837084836291
40,2,Majority Model,5,0.5741918571098485
40,2,Majority Model,6,0.6357068069956466
40,2,Majority Model,7,0.7662428862525873
40,2,Majority Model,8,0.7840357038392185
40,2,Majority Model,9,0.6265713511422414
40,2,Majority Model,10,0.5442710566682124
40,2,Majority Model,11,0.502804055198259
40,2,Majority Model,12,0.41476956009632804
40,2,Majority Model,13,0.5428092848165541
40,2,Majority Model,14,0.5595884359795593
40,2,Majority Model,15,0.39512316685115806
40,2,Majority Model,16,0.5960825479151982
40,2,Majority Model,17,0.6195476182181932
40,2,Majority Model,18,0.8018959202611866
40,2,Majority Model,19,0.5282518815989885
40,2,Majority Model,20,0.6930381825735484
40,2,Majority Model,21,0.5266164910990854
40,2,Majority Model,22,0.7825503148894808
40,2,Majority Model,23,0.4671568713480328
40,2,Majority Model,24,0.6019339903575129
40,2,Majority Model,25,0.5641593745018183
40,2,Majority Model,26,0.6957560916785585
40,2,Majority Model,27,0.6172847192947397
40,2,Majority Model,28,0.47594650191339083
40,2,Majority Model,29,0.561030151736045
40,2,Majority Model,30,0.563134255840594
40,2,Voter Model,1,3.9318288399946475
40,2,Voter Model,2,1.1194488101508464
40,2,Voter Model,3,1.0818203110873337
40,2,Voter Model,4,1.6177061887237738
40,2,Voter Model,5,0.7622922484953503
40,2,Voter Model,6,0.7232313991530159
40,2,Voter Model,7,0.646062489404492
40,2,Voter Model,8,0.5704631858649013
40,2,Voter Model,9,0.5140748978339991
40,2,Voter Model,10,0.5903064470358484
40,2,Voter Model,11,0.6062043971755359
40,2,Voter Model,12,0.452785421834699
40,2,Voter Model,13,0.31405947032088727
40,2,Voter Model,14,0.7656939058446357
40,2,Voter Model,15,0.42973938844279286
40,2,Voter Model,16,0.5267975224040102
40,2,Voter Model,17,0.7190920409837745
40,2,Voter Model,18,0.441264768230611
40,2,Voter Model,19,0.5291480593354481
40,2,Voter Model,20,0.5854843516293595
40,2,Voter Model,21,0.5057435605114796
40,2,Voter Model,22,0.5056214350249231
40,2,Voter Model,23,0.44237857437127814
40,2,Voter Model,24,0.6289564294924247
40,2,Voter Model,25,0.6407177811955823
40,2,Voter Model,26,0.5142086686526521
40,2,Voter Model,27,0.4365811320109524
40,2,Voter Model,28,0.6726712258650449
40,2,Voter Model,29,0.6106931099479801
40,2,Voter Model,30,0.6687737276631727
40,2,Kuramoto Model,1,2.957953018915048
40,2,Kuramoto Model,2,3.5234017811336136
40,2,Kuramoto Model,3,3.409089161475562
40,2,Kuramoto Model,4,2.897591660703754
40,2,Kuramoto Model,5,2.598429326662827
40,2,Kuramoto Model,6,2.801971705242766
40,2,Kuramoto Model,7,3.251376717227933
40,2,Kuramoto Model,8,3.15501936696843
40,2,Kuramoto Model,9,2.7557275520991125
40,2,Kuramoto Model,10,3.1556853632914468
40,2,Kuramoto Model,11,3.121405864783175
40,2,Kuramoto Model,12,3.2487292108108035
40,2,Kuramoto Model,13,3.137653354649288
40,2,Kuramoto Model,14,3.0256896092702767
40,2,Kuramoto Model,15,3.1490570395236297
40,2,Kuramoto Model,16,3.2023374195145093
40,2,Kuramoto Model,17,3.0619620841971207
40,2,Kuramoto Model,18,3.0402030052486095
40,2,Kuramoto Model,19,3.15302335487143
40,2,Kuramoto Model,20,3.0543538380471356
40,2,Kuramoto Model,21,3.269081584577665
40,2,Kuramoto Model,22,3.216097498840348
40,2,Kuramoto Model,23,3.2157760734979712
40,2,Kuramoto Model,24,3.379705226376438
40,2,Kuramoto Model,25,3.1340728431969898
40,2,Kuramoto Model,26,3.1933687955378685
40,2,Kuramoto Model,27,3.388396862152555
40,2,Kuramoto Model,28,3.1636405805067858
40,2,Kuramoto Model,29,2.936438638076851
40,2,Kuramoto Model,30,3.155109805517001
40,10,Majority Model,1,4.30244062416172
40,10,Majority Model,2,0.9844306863634952
40,10,Majority Model,3,1.199347172584238
40,10,Majority Model,4,0.845538604717909
40,10,Majority Model,5,0.6904154827188165
40,10,Majority Model,6,0.7709888643953096
40,10,Majority Model,7,0.666441894168196
40,10,Majority Model,8,0.6952333964329761
40,10,Majority Model,9,0.7048283291273008
40,10,Majority Model,10,0.7911439114609097
40,10,Majority Model,11,0.47635858889326055
40,10,Majority Model,12,0.6933699732875673
40,10,Majority Model,13,0.452139613513397
40,10,Majority Model,14,0.6694180514331032
40,10,Majority Model,15,0.4376876553555533
40,10,Majority Model,16,0.3979833803286763
40,10,Majority Model,17,0.39299766476635967
40,10,Majority Model,18,0.49731081196654203
40,10,Majority Model,19,0.4850822378304057
40,10,Majority Model,20,0.4062490215466057
40,10,Majority Model,21,0.46182877112230747
40,10,Majority Model,22,0.4132315978478852
40,10,Majority Model,23,0.4514443662029805
40,10,Majority Model,24,0.38801291705865293
40,10,Majority Model,25,0.4448668085763174
40,10,Majority Model,26,0.5410438982818147
40,10,Majority Model,27,0.408857863515001
40,10,Majority Model,28,0.5114856901726607
40,10,Majority Model,29,0.3354809144253411
40,10,Majority Model,30,0.38074712053205556
40,10,Voter Model,1,2.9222853231674506
40,10,Voter Model,2,1.1965897409105466
40,10,Voter Model,3,1.3246761848684814
40,10,Voter Model,4,0.6685553302398317
40,10,Voter Model,5,0.7409942252697812
40,10,Voter Model,6,0.484026123218731
40,10,Voter Model,7,0.4863043780819766
40,10,Voter Model,8,0.9415396338703195
40,10,Voter Model,9,0.7376024304488961
40,10,Voter Model,10,0.4739273134416641
40,10,Voter Model,11,0.4167478287129036
40,10,Voter Model,12,0.5286752797887877
40,10,Voter Model,13,0.482955610387277
40,10,Voter Model,14,0.523082282552545
40,10,Voter Model,15,0.424981591306491
40,10,Voter Model,16,0.37496098268377487
40,10,Voter Model,17,0.5681891508532788
40,10,Voter Model,18,0.5946499563379646
40,10,Voter Model,19,0.48762424172835417
40,10,Voter Model,20,0.28821512273854044
40,10,Voter Model,21,0.5448071326751943
40,10,Voter Model,22,0.5521364430720332
40,10,Voter Model,23,0.43859671928785626
40,10,Voter Model,24,0.6266798989253808
40,10,Voter Model,25,0.5358138221885165
40,10,Voter Model,26,0.590206822287815
40,10,Voter Model,27,0.523747487570819
40,10,Voter Model,28,0.38992833313314273
40,10,Voter Model,29,0.47988291653138593
40,10,Voter Model,30,0.7513816213585118
40,10,Kuramoto Model,1,4.065736425582633
40,10,Kuramoto Model,2,3.9689625514858315
40,10,Kuramoto Model,3,3.0444498910083078
40,10,Kuramoto Model,4,2.9466383726006407
40,10,Kuramoto Model,5,3.238585727346006
40,10,Kuramoto Model,6,3.3672743785946366
40,10,Kuramoto Model,7,3.50141336725624
40,10,Kuramoto Model,8,3.230694310658717
40,10,Kuramoto Model,9,3.265465514196624
40,10,Kuramoto Model,10,3.274066784014906
40,10,Kuramoto Model,11,3.054384358671838
40,10,Kuramoto Model,12,3.1319941222190133
40,10,Kuramoto Model,13,3.128894895380256
40,10,Kuramoto Model,14,3.1581029242911995
40,10,Kuramoto Model,15,3.345294166050376
40,10,Kuramoto Model,16,3.0652716650755956
40,10,Kuramoto Model,17,3.1834084985389137
40,10,Kuramoto Model,18,3.063371739345232
40,10,Kuramoto Model,19,3.3763824211347413
40,10,Kuramoto Model,20,3.2105375453541107
40,10,Kuramoto Model,21,3.2914791596571575
40,10,Kuramoto Model,22,3.0991845994787486
40,10,Kuramoto Model,23,3.1322024774575605
40,10,Kuramoto Model,24,3.387766182403612
40,10,Kuramoto Model,25,3.1892787740038884
40,10,Kuramoto Model,26,3.12393904766355
40,10,Kuramoto Model,27,3.0727691814760005
40,10,Kuramoto Model,28,3.1308271566936345
40,10,Kuramoto Model,29,3.012716816113809
40,10,Kuramoto Model,30,3.2161711611915287
